annual survey of hours and earnings  - resident analysis,,,,,,,,,,,,,,,,,,,,,,,
ONS Crown Copyright Reserved [from Nomis on 3 January 2023],,,,,,,,,,,,,,,,,,,,,,,
,,,,,,,,,,,,,,,,,,,,,,,
sex,Full Time Workers,,,,,,,,,,,,,,,,,,,,,,
item name,Median,,,,,,,,,,,,,,,,,,,,,,
pay,Weekly pay - gross,,,,,,,,,,,,,,,,,,,,,,
confidence,Standard error as a percentage of the figure,,,,,,,,,,,,,,,,,,,,,,
,,,,,,,,,,,,,,,,,,,,,,,
local authority: district / unitary (as of April 2021),,2012,,2013,,2014,,2015,,2016,,2017,,2018,,2019,,2020,,2021,,2022,
,,number,conf %,number,conf %,number,conf %,number,conf %,number,conf %,number,conf %,number,conf %,number,conf %,number,conf %,number,conf %,number,conf %
Darlington,E06000005,436.4,7.0,446.1,8.8,479.1,5.5,488.8,6.6,489.8,4.8,502.6,5.9,507.0,6.0,539.1,6.7,487.5,5.8,583.3,6.5,558.2,6.0
County Durham,E06000047,457.8,2.0,466.1,2.7,475.0,2.9,481.1,2.7,488.4,2.7,504.4,3.0,513.1,2.5,544.5,2.9,529.5,3.5,548.5,3.0,574.9,3.4
Hartlepool,E06000001,508.9,7.3,475.4,7.7,466.3,5.4,495.7,7.3,478.0,5.9,502.3,4.9,510.1,5.2,547.2,6.3,552.5,6.7,574.5,5.3,593.7,5.3
Middlesbrough,E06000002,409.9,6.1,421.9,5.1,437.3,4.4,468.6,4.8,478.1,4.3,470.3,4.9,480.4,6.7,502.0,6.7,526.7,7.0,527.6,5.5,555.0,6.4
Northumberland,E06000057,464.4,4.7,479.1,3.5,488.0,4.2,480.0,4.2,487.8,4.6,520.1,4.1,509.0,5.1,535.8,4.6,548.6,4.0,572.1,4.3,601.8,4.0
Redcar and Cleveland,E06000003,438.3,5.6,488.1,6.6,475.3,7.9,506.2,5.4,462.5,6.1,486.0,4.2,478.0,5.1,501.1,5.5,502.0,7.5,503.2,5.9,568.4,6.0
Stockton-on-Tees,E06000004,482.3,4.4,513.7,5.8,506.9,4.3,501.7,5.2,524.2,3.9,520.5,3.9,528.3,5.0,582.8,4.6,559.9,6.2,576.3,5.0,609.4,4.9
Gateshead,E08000037,465.7,4.5,475.2,4.3,486.6,4.9,486.5,4.3,487.3,3.9,495.0,3.5,502.5,3.8,501.4,3.8,499.8,4.5,539.5,4.4,566.7,4.5
Newcastle upon Tyne,E08000021,469.1,4.4,482.8,4.9,484.0,4.5,495.9,3.4,508.8,3.5,532.8,4.2,536.3,4.4,560.3,4.4,544.6,4.8,601.9,5.6,617.2,4.2
North Tyneside,E08000022,454.4,5.8,479.4,4.4,460.8,4.5,503.0,4.9,514.8,4.6,545.5,5.4,542.6,4.8,574.9,5.1,563.2,5.8,575.1,5.7,619.1,4.0
South Tyneside,E08000023,450.2,5.1,454.4,7.3,464.6,6.0,473.6,6.9,466.9,5.4,477.5,5.1,491.7,5.7,486.8,6.6,505.8,5.3,517.8,5.4,571.0,4.3
Sunderland,E08000024,424.0,3.3,450.6,3.7,457.8,3.9,460.0,4.6,484.6,4.4,485.8,3.4,502.8,3.6,497.6,3.4,496.7,3.1,484.5,3.3,536.6,3.7
Blackburn with Darwen,E06000008,417.2,6.1,451.3,6.3,460.3,6.2,411.9,7.2,445.2,5.3,458.1,5.6,453.5,5.4,491.1,5.8,456.0,6.2,530.7,5.5,542.5,5.3
Blackpool,E06000009,376.2,5.5,374.0,4.4,386.9,5.4,388.2,5.5,417.2,6.8,439.4,5.0,441.8,6.2,455.3,5.2,459.1,6.3,470.3,5.5,486.3,5.2
Cheshire East,E06000049,500.8,4.3,523.6,4.2,541.5,4.0,536.6,4.6,541.8,4.3,557.7,2.8,588.0,3.9,623.8,4.0,628.5,4.8,626.5,4.8,662.3,4.3
Cheshire West and Chester,E06000050,523.3,5.0,526.5,4.3,531.6,5.0,525.5,4.3,548.1,3.8,554.8,3.8,562.6,4.0,611.3,3.6,601.2,3.4,608.8,4.1,645.8,4.8
Halton,E06000006,451.7,6.5,484.1,6.5,457.2,5.7,480.6,6.7,507.0,5.8,495.9,5.2,556.8,5.1,539.6,6.8,577.9,9.7,588.5,6.3,609.5,6.5
Warrington,E06000007,492.4,5.0,496.9,4.4,517.5,5.7,542.3,4.8,537.7,4.8,576.0,4.1,569.5,5.0,597.4,5.6,558.8,5.8,617.1,5.6,627.7,5.2
Allerdale,E07000026,465.8,8.6,512.9,6.3,512.6,6.6,531.9,7.4,578.8,9.4,530.5,10.0,537.9,8.4,587.1,8.3,662.5,9.3,644.5,7.8,656.6,10.0
Barrow-in-Furness,E07000027,490.7,8.4,534.8,8.0,525.1,9.6,494.1,10.0,526.8,8.7,604.2,7.6,635.5,6.7,634.1,6.2,591.3,7.0,632.1,11.0,619.8,8.6
Carlisle,E07000028,420.7,5.6,440.9,5.1,442.1,6.4,429.8,5.0,459.9,4.9,459.9,4.6,479.5,4.9,519.2,5.4,550.4,6.3,548.6,5.9,577.7,6.5
Copeland,E07000029,653.7,11.0,676.7,7.8,719.8,7.9,714.4,8.0,696.5,10.0,755.7,6.9,767.0,14.0,679.8,12.0,791.2,15.0,868.8,10.0,706.8,12.0
Eden,E07000030,431.1,12.0,514.0,8.4,413.6,11.0,460.9,9.1,443.0,11.0,487.7,11.0,519.2,11.0,586.2,9.3,528.0,7.8,583.8,8.9,580.7,10.0
South Lakeland,E07000031,471.1,8.5,492.6,9.1,493.8,7.4,519.4,7.1,545.7,6.6,536.3,6.3,570.5,7.8,535.2,5.8,536.4,7.0,558.8,6.0,602.9,5.2
Bolton,E08000001,431.3,4.1,465.3,4.0,442.4,4.2,469.1,3.9,465.5,4.8,471.5,4.3,498.2,3.8,512.7,4.8,523.7,5.4,528.3,4.6,574.1,3.6
Bury,E08000002,496.8,5.1,493.0,4.6,501.3,4.9,519.8,4.3,524.6,4.7,541.5,4.6,543.6,4.6,584.5,3.3,594.1,4.8,607.8,4.7,598.7,5.2
Manchester,E08000003,457.7,3.8,463.1,3.0,467.8,3.2,479.8,3.4,471.5,3.0,478.6,2.4,497.3,2.5,535.8,2.8,536.2,3.5,531.3,3.3,574.9,2.8
Oldham,E08000004,425.7,4.4,429.9,4.3,457.7,4.0,442.5,3.9,469.9,3.6,479.8,3.9,479.1,3.9,499.4,3.4,498.5,4.9,547.3,5.0,562.8,4.5
Rochdale,E08000005,477.3,5.5,458.1,6.6,458.3,5.7,463.4,5.6,470.5,5.3,463.8,6.4,488.3,5.9,491.5,4.9,505.0,5.4,518.4,6.1,548.0,4.6
Salford,E08000006,452.5,3.8,460.0,3.3,463.5,3.3,474.7,3.2,479.1,4.2,489.3,3.8,500.0,3.3,517.4,4.2,536.9,4.8,552.6,4.4,613.3,3.4
Stockport,E08000007,517.4,4.1,537.1,4.3,522.0,4.1,540.0,4.7,547.2,4.5,565.9,3.4,574.6,4.6,619.8,4.0,601.1,4.5,632.3,5.4,665.4,4.9
Tameside,E08000008,429.3,4.7,423.0,3.9,432.3,4.9,447.0,3.6,460.0,2.8,478.4,2.8,480.3,3.2,499.1,3.4,480.4,3.8,528.5,4.1,573.8,5.2
Trafford,E08000009,567.4,4.2,574.2,4.9,568.2,5.4,564.4,5.1,602.1,5.0,606.9,5.4,651.6,5.2,670.8,4.8,660.7,7.1,663.0,6.1,705.3,5.9
Wigan,E08000010,471.1,4.1,491.1,4.3,481.6,3.6,502.4,3.4,500.0,3.6,516.0,3.5,522.9,3.4,523.1,3.9,572.7,4.7,583.6,4.3,589.2,3.8
Burnley,E07000117,443.8,8.0,470.7,8.6,445.8,8.0,421.6,8.7,472.8,7.5,435.8,9.3,480.9,7.8,521.6,7.1,474.8,9.1,530.5,7.4,572.4,8.5
Chorley,E07000118,494.9,6.0,476.2,5.2,496.0,5.9,515.3,6.4,552.5,6.6,549.5,6.7,598.5,5.9,609.0,5.0,621.5,8.9,645.1,8.1,649.8,7.8
Fylde,E07000119,533.2,11.0,575.6,11.0,578.9,8.8,510.7,10.0,527.7,10.0,574.9,9.1,594.3,7.4,614.1,7.4,662.4,9.2,604.7,9.6,631.0,8.5
Hyndburn,E07000120,400.3,8.5,406.6,7.3,422.4,7.5,452.7,7.3,442.4,5.1,478.7,6.1,457.6,5.8,483.9,6.5,464.1,8.0,523.3,10.0,574.9,7.0
Lancaster,E07000121,456.7,7.9,545.5,7.4,481.2,8.0,494.3,6.6,523.1,4.9,512.3,5.5,521.5,5.3,546.7,6.6,561.7,6.8,611.8,4.7,588.9,5.6
Pendle,E07000122,429.9,6.7,438.3,6.8,462.9,6.4,447.5,7.8,469.2,7.5,489.4,6.9,523.0,7.5,534.9,7.8,460.4,9.9,479.9,7.9,512.4,8.3
Preston,E07000123,434.0,7.0,426.5,6.7,445.6,6.2,434.9,6.4,479.1,6.8,459.8,6.0,501.7,5.7,506.0,4.6,509.8,7.0,534.5,6.3,574.9,6.8
Ribble Valley,E07000124,497.1,11.0,535.2,11.0,552.3,9.2,543.4,9.5,560.8,12.0,520.6,9.4,599.6,11.0,622.7,8.9,682.4,12.0,616.2,12.0,723.2,9.3
Rossendale,E07000125,431.9,9.7,433.6,10.0,433.1,11.0,482.8,9.9,432.2,12.0,430.6,10.0,480.9,10.0,516.8,13.0,526.4,9.5,570.6,10.0,574.8,10.0
South Ribble,E07000126,451.7,6.5,502.7,6.4,484.8,7.3,480.4,5.4,514.2,5.7,532.2,6.3,532.4,5.4,563.8,6.0,540.0,8.0,549.1,6.7,580.3,6.0
West Lancashire,E07000127,488.8,5.0,506.0,6.5,498.1,6.3,500.7,8.2,497.8,8.6,537.7,9.5,577.2,9.5,582.4,7.8,543.2,12.0,564.7,8.2,577.7,7.8
Wyre,E07000128,472.1,10.0,461.7,9.2,483.1,7.5,506.4,6.5,504.4,6.8,485.4,7.9,484.5,8.0,498.9,7.8,512.5,11.0,584.6,5.7,577.6,7.6
Knowsley,E08000011,451.0,4.8,463.8,5.5,462.7,6.0,475.5,5.7,476.5,5.2,512.0,6.2,510.2,6.7,515.6,5.5,575.3,5.9,572.2,4.4,589.1,4.6
Liverpool,E08000012,460.6,3.1,474.8,2.6,493.4,3.3,480.8,4.0,496.6,2.9,509.7,2.8,530.3,3.6,554.1,3.2,570.0,3.8,586.7,3.4,603.2,3.2
Sefton,E08000014,480.0,4.2,487.6,3.8,494.0,4.2,473.7,3.6,510.8,3.7,523.7,3.9,541.2,5.2,555.8,3.4,562.3,5.2,585.1,5.1,589.9,4.3
St. Helens,E08000013,479.2,5.7,450.2,4.8,475.2,5.1,479.1,4.9,500.0,4.4,497.7,4.9,517.6,4.0,552.3,5.1,536.8,5.8,577.2,4.8,612.3,4.8
Wirral,E08000015,497.9,3.8,503.1,3.4,496.1,4.4,518.6,4.1,523.7,4.3,532.0,3.4,533.5,3.7,578.6,4.1,564.2,4.7,569.6,4.1,626.2,4.6
East Riding of Yorkshire,E06000011,499.0,5.3,502.0,5.1,521.1,4.5,503.5,4.8,526.3,4.0,526.6,4.4,551.8,3.4,601.2,4.5,563.6,4.3,609.0,4.2,633.9,3.2
"Kingston upon Hull, City of",E06000010,418.9,4.5,433.1,4.0,431.3,3.3,443.6,3.6,452.0,3.5,447.8,3.4,459.9,3.4,479.9,3.4,469.3,4.4,517.7,4.3,537.5,3.3
North East Lincolnshire,E06000012,460.1,6.5,466.4,4.6,468.6,5.5,450.4,6.7,469.9,7.6,447.9,6.6,498.0,6.2,521.5,6.6,547.3,6.3,556.0,6.0,556.5,6.1
North Lincolnshire,E06000013,502.1,5.7,516.3,4.9,531.8,4.9,538.7,4.8,528.1,6.3,531.4,5.7,532.9,5.2,567.6,5.5,519.3,6.8,582.9,6.2,599.4,5.8
York,E06000014,523.1,5.0,526.5,5.0,476.9,5.7,495.6,4.7,508.1,4.8,519.9,4.8,512.9,3.5,573.8,5.4,576.5,7.6,600.5,6.0,609.2,5.0
Craven,E07000163,450.3,8.0,431.1,9.8,461.5,7.2,450.2,7.8,413.2,9.8,467.5,9.5,480.7,6.8,504.0,12.0,486.5,17.0,525.1,8.6,582.0,9.2
Hambleton,E07000164,484.1,11.0,431.8,11.0,469.7,12.0,478.4,9.6,496.8,8.1,517.5,8.0,520.9,6.9,555.8,6.4,513.3,6.1,577.4,7.5,593.1,7.8
Harrogate,E07000165,480.1,6.2,507.4,5.8,487.1,6.0,518.7,6.7,543.8,7.3,536.8,8.5,603.6,6.1,643.2,6.2,602.4,8.0,651.7,6.0,651.6,5.9
Richmondshire,E07000166,505.7,14.0,491.6,13.0,476.1,11.0,519.4,9.4,509.1,11.0,539.4,9.0,560.6,12.0,551.0,10.0,479.2,14.0,515.6,13.0,603.9,11.0
Ryedale,E07000167,399.7,15.0,412.2,11.0,426.0,9.2,411.8,8.0,442.1,7.7,443.2,9.9,465.6,10.0,506.2,11.0,506.8,8.2,501.8,7.7,493.1,7.3
Scarborough,E07000168,444.3,7.2,448.6,6.3,486.9,6.6,468.6,6.6,464.0,4.5,477.0,6.1,475.0,7.0,507.2,6.3,522.5,5.5,543.9,7.5,553.5,5.0
Selby,E07000169,512.7,6.9,532.8,6.8,534.7,8.9,536.3,6.9,552.1,6.4,541.7,6.9,584.1,7.4,589.9,7.1,586.4,6.9,608.2,7.1,613.8,7.3
Barnsley,E08000016,465.0,3.8,479.7,4.6,486.7,4.6,469.6,5.5,476.8,3.9,497.0,5.1,492.5,4.4,532.6,4.1,517.5,5.1,534.6,4.3,562.6,5.1
Doncaster,E08000017,449.6,3.6,461.9,3.3,482.5,4.5,467.0,4.5,479.1,5.0,480.0,4.5,520.9,3.5,525.9,3.3,553.9,3.3,568.8,2.6,594.3,3.0
Rotherham,E08000018,462.8,4.1,447.6,4.9,457.3,4.5,481.1,4.2,485.2,5.5,493.9,4.2,507.3,3.1,516.1,4.6,518.7,5.8,536.6,5.1,587.7,3.8
Sheffield,E08000019,471.4,2.7,478.3,2.6,476.8,2.7,485.1,2.9,504.3,2.7,524.0,2.9,532.2,2.9,542.8,3.1,543.0,3.1,590.8,3.9,592.6,3.1
Bradford,E08000032,426.6,2.4,446.4,2.9,447.5,3.4,449.5,3.1,471.6,3.0,475.7,2.8,488.7,2.6,503.7,2.9,536.6,3.5,546.1,2.4,569.6,3.1
Calderdale,E08000033,515.6,5.5,479.7,5.2,493.3,4.8,503.1,4.5,522.1,3.6,502.9,3.8,536.3,4.1,548.2,4.2,523.5,5.2,533.6,6.8,576.9,5.5
Kirklees,E08000034,478.5,4.0,488.2,3.6,479.7,3.9,480.8,3.1,494.4,2.9,505.8,3.4,531.4,3.2,530.3,3.1,541.1,4.0,544.1,2.9,613.4,3.2
Leeds,E08000035,475.6,2.4,498.2,2.1,496.2,2.1,498.4,2.3,527.9,2.5,536.6,2.2,545.5,2.1,557.2,2.1,574.9,2.3,596.3,2.5,621.3,2.5
Wakefield,E08000036,427.1,3.8,454.0,4.2,442.1,3.7,461.0,3.1,479.8,3.1,484.0,2.9,511.1,3.2,518.5,3.0,498.1,3.9,523.7,3.5,570.3,4.4
Derby,E06000015,492.7,5.6,503.9,4.8,534.7,3.9,518.2,4.8,551.6,4.7,546.2,4.8,578.6,4.1,586.3,4.3,586.7,5.7,579.0,4.1,599.2,4.3
Leicester,E06000016,402.6,3.6,412.5,4.1,412.7,3.7,421.7,3.0,433.0,3.2,439.6,3.7,439.5,3.5,458.4,2.6,486.8,4.7,512.7,2.9,528.7,2.4
Nottingham,E06000018,428.1,4.0,414.8,3.6,425.8,3.9,434.8,3.6,448.2,4.0,452.5,3.8,460.0,3.0,480.0,3.7,501.0,4.9,490.6,3.6,536.1,3.5
Rutland,E06000017,477.5,13.0,479.3,9.1,506.7,9.3,550.9,9.6,491.0,11.0,525.4,12.0,544.9,8.4,610.0,8.5,599.5,9.3,680.7,11.0,683.0,11.0
Amber Valley,E07000032,474.2,6.8,501.3,6.2,509.4,5.5,521.0,5.8,527.6,7.0,536.6,7.1,554.9,5.6,580.3,5.9,590.6,9.6,601.1,6.9,626.8,7.3
Bolsover,E07000033,461.5,9.3,422.8,8.0,423.5,7.8,427.1,7.2,455.0,6.9,448.4,6.9,460.3,5.7,519.4,6.5,504.8,9.6,522.3,8.7,566.7,7.0
Chesterfield,E07000034,442.1,5.5,453.5,6.7,479.9,6.9,471.4,6.4,511.3,6.1,496.9,5.3,481.6,5.7,511.8,6.6,494.2,7.8,547.7,8.4,598.5,7.0
Derbyshire Dales,E07000035,537.3,10.0,543.7,8.5,503.3,9.2,554.3,10.0,606.3,10.0,573.3,9.2,601.5,9.9,552.7,13.0,602.0,13.0,566.4,12.0,671.4,10.0
Erewash,E07000036,518.7,6.7,529.6,6.8,511.7,7.5,507.2,6.2,508.4,7.1,530.5,6.7,549.3,7.1,567.8,7.1,559.0,9.5,611.3,8.3,629.0,7.7
High Peak,E07000037,517.6,6.4,507.4,5.7,511.0,7.0,509.2,7.2,506.0,5.1,542.3,5.3,556.9,5.7,548.4,4.3,573.1,8.4,563.8,6.3,587.0,7.1
North East Derbyshire,E07000038,486.2,7.5,488.4,7.3,514.7,7.3,514.5,8.9,507.2,9.4,539.3,11.0,568.9,7.3,567.8,6.9,539.5,6.7,583.0,7.7,615.7,6.7
South Derbyshire,E07000039,500.1,6.9,524.8,6.3,508.1,7.9,514.9,7.2,557.6,7.1,574.2,6.9,595.4,6.3,625.0,6.1,633.1,6.1,630.1,6.2,679.4,5.7
Blaby,E07000129,520.6,6.1,525.4,5.4,533.0,6.9,569.8,8.3,572.1,7.1,547.5,6.8,572.6,7.3,598.5,7.6,676.4,11.0,587.3,9.4,650.5,8.0
Charnwood,E07000130,480.8,3.9,518.0,4.3,513.1,4.2,524.5,4.3,530.9,4.7,543.6,5.0,569.0,5.6,599.0,5.1,574.9,4.2,555.5,4.7,619.6,4.4
Harborough,E07000131,561.0,8.1,553.6,6.8,554.3,6.5,574.9,5.9,607.1,6.3,670.0,8.7,629.6,8.9,618.4,9.6,651.7,9.5,651.2,9.0,653.0,9.4
Hinckley and Bosworth,E07000132,498.9,7.8,477.8,8.2,479.1,8.3,516.8,7.0,508.6,7.5,525.0,6.4,565.4,6.9,567.9,5.5,574.9,6.8,575.6,6.0,612.8,6.3
Melton,E07000133,436.1,7.6,427.1,9.9,468.3,9.8,483.2,8.6,467.2,7.4,509.8,6.6,520.0,8.5,512.7,9.5,527.3,11.0,494.0,9.1,641.8,11.0
North West Leicestershire,E07000134,470.5,5.7,491.5,6.2,488.8,7.7,499.0,6.5,509.8,7.5,540.8,8.0,577.5,8.1,596.2,6.7,582.5,6.9,642.6,5.6,717.2,5.2
Oadby and Wigston,E07000135,477.8,9.8,479.5,7.2,450.9,7.8,457.9,8.5,460.0,9.2,500.6,7.5,546.0,8.6,554.9,8.3,611.4,12.0,575.5,11.0,593.9,11.0
Boston,E07000136,399.2,7.5,411.1,6.5,430.7,7.5,411.0,7.3,411.2,7.1,410.2,5.0,421.5,4.8,452.5,6.8,438.5,9.1,495.7,6.8,559.6,7.2
East Lindsey,E07000137,431.2,6.5,469.1,6.3,475.5,5.4,462.1,5.3,459.3,5.2,485.4,4.8,483.6,5.8,498.1,4.0,485.8,6.3,527.6,5.4,553.8,5.2
Lincoln,E07000138,458.6,7.3,453.4,6.7,457.7,6.3,470.8,6.7,448.4,7.3,452.2,6.2,452.3,6.9,520.8,7.3,544.4,9.4,560.3,8.5,618.4,5.4
North Kesteven,E07000139,472.1,7.0,465.2,7.9,500.6,6.5,509.3,7.0,500.0,7.7,551.1,6.7,531.7,9.4,545.3,8.0,620.7,6.2,609.0,7.0,601.2,6.5
South Holland,E07000140,447.7,5.4,451.0,5.8,468.8,5.6,445.4,6.8,460.1,6.1,467.6,6.1,516.2,6.3,508.9,5.8,574.9,6.6,574.9,5.9,600.8,7.7
South Kesteven,E07000141,492.9,7.4,512.0,6.2,490.2,6.1,475.3,7.5,477.9,7.0,501.9,6.7,529.6,6.0,536.1,4.8,536.5,7.0,583.1,4.3,632.3,5.9
West Lindsey,E07000142,484.7,8.9,506.1,10.0,475.3,8.0,517.7,9.0,500.0,6.9,519.4,6.8,567.3,7.0,565.3,6.8,576.6,5.9,609.7,5.3,630.0,6.7
Ashfield,E07000170,421.5,6.5,410.2,4.9,443.4,5.4,449.4,5.3,452.7,5.9,476.5,5.7,518.7,5.6,497.7,5.2,505.2,5.9,535.5,5.2,564.2,6.2
Bassetlaw,E07000171,476.7,6.6,478.8,6.4,470.4,7.7,505.5,6.8,505.7,6.6,515.6,6.0,548.7,6.0,555.7,6.6,537.2,7.3,503.7,5.4,560.7,5.4
Broxtowe,E07000172,542.5,5.2,557.6,5.5,546.2,5.6,563.5,6.1,568.8,6.0,571.7,6.0,604.9,5.6,612.6,6.9,629.5,8.2,652.3,8.1,641.5,6.0
Gedling,E07000173,485.5,7.2,502.7,6.4,486.3,5.2,515.9,5.5,521.9,5.9,536.5,6.1,560.2,5.2,572.6,6.4,591.8,8.5,574.0,5.7,587.3,9.8
Mansfield,E07000174,396.9,7.5,408.2,4.9,422.7,6.7,435.8,5.4,423.3,5.5,447.5,5.7,454.7,5.4,471.4,4.7,498.5,6.8,517.7,5.3,540.2,5.9
Newark and Sherwood,E07000175,454.3,8.2,443.8,8.0,440.7,5.9,461.9,7.0,468.4,7.1,476.6,8.1,514.2,8.3,520.6,6.8,580.4,7.1,596.4,5.7,615.3,5.7
Rushcliffe,E07000176,615.2,6.8,594.8,6.6,588.1,7.5,621.1,7.0,644.2,6.9,675.1,7.9,697.9,6.4,702.2,7.2,682.7,7.8,660.8,7.6,706.5,7.6
North Northamptonshire,E06000061,-,-,-,-,-,-,-,-,-,-,-,-,-,-,-,-,535.5,3.6,575.0,3.1,592.1,2.9
West Northamptonshire,E06000062,-,-,-,-,-,-,-,-,-,-,-,-,-,-,-,-,574.5,4.3,598.5,4.2,626.4,4.0
"Herefordshire, County of",E06000019,396.3,4.3,412.6,6.3,426.9,4.6,454.7,4.8,460.0,3.9,465.7,4.3,486.4,4.9,518.6,4.1,526.1,5.8,565.5,4.3,560.1,5.1
Shropshire,E06000051,472.8,4.9,504.7,4.9,484.3,4.0,491.9,4.3,518.7,4.2,517.3,4.7,557.4,3.8,555.9,3.6,574.9,4.8,575.4,3.7,637.4,3.7
Stoke-on-Trent,E06000021,420.7,4.0,434.9,3.6,421.9,3.7,434.5,3.2,445.9,3.9,465.5,2.9,477.3,3.0,500.5,3.7,511.4,3.9,518.2,3.1,552.0,2.6
Telford and Wrekin,E06000020,455.4,5.2,459.4,5.1,462.8,4.5,464.5,5.1,482.0,5.1,478.5,4.5,508.5,4.5,539.3,4.2,532.0,4.7,559.2,5.7,606.6,4.5
Cannock Chase,E07000192,462.5,6.8,477.9,6.0,456.0,6.6,490.0,6.7,501.4,5.1,522.0,6.1,528.0,5.3,537.9,5.5,515.1,6.2,582.8,5.0,574.9,6.3
East Staffordshire,E07000193,478.9,6.0,492.5,6.7,469.2,6.3,478.2,7.7,500.6,7.4,489.6,6.1,504.3,6.2,523.9,4.0,573.9,3.9,574.8,5.7,600.6,6.3
Lichfield,E07000194,548.6,6.7,615.4,8.2,580.9,11.0,593.9,8.2,660.5,7.9,612.1,6.4,638.6,6.3,671.0,7.7,642.5,9.7,684.3,7.8,706.8,7.1
Newcastle-under-Lyme,E07000195,438.6,6.1,461.8,5.8,475.6,5.4,487.1,5.2,503.2,4.8,499.5,3.5,494.0,5.1,517.2,5.6,533.9,6.1,564.6,4.0,567.3,4.6
South Staffordshire,E07000196,533.8,5.8,539.1,6.6,508.0,7.0,545.6,5.7,568.3,5.8,590.8,5.9,582.6,6.8,628.6,5.5,667.2,7.5,628.1,5.7,675.3,7.2
Stafford,E07000197,521.7,6.1,538.7,6.5,538.0,4.1,533.4,5.4,552.0,7.0,561.0,6.2,569.0,4.0,608.2,5.2,585.5,6.2,613.3,6.0,683.4,4.8
Staffordshire Moorlands,E07000198,467.9,8.3,520.0,5.9,520.6,7.2,495.7,5.6,525.6,6.2,517.8,6.3,537.7,7.4,575.9,5.8,567.0,8.3,602.6,6.2,621.3,8.2
Tamworth,E07000199,480.8,8.1,483.1,8.3,457.1,6.1,478.9,7.0,492.1,7.4,496.6,5.3,520.7,5.8,524.0,4.9,504.2,7.0,559.5,9.9,639.2,8.2
North Warwickshire,E07000218,487.0,7.8,490.0,6.8,487.8,8.2,488.7,8.2,554.7,7.7,542.3,7.0,559.3,8.4,601.3,9.6,582.6,10.0,622.5,10.0,655.6,7.5
Nuneaton and Bedworth,E07000219,475.1,6.0,479.1,4.9,493.2,6.3,490.5,5.5,496.5,5.4,506.9,5.4,536.9,4.6,564.7,4.6,524.9,6.4,561.6,5.3,594.8,5.7
Rugby,E07000220,559.8,7.6,573.3,5.3,554.9,5.3,576.3,5.7,567.4,5.3,570.8,6.4,619.0,7.7,600.8,5.9,636.4,9.9,658.4,6.8,673.5,6.2
Stratford-on-Avon,E07000221,498.8,7.8,562.3,7.2,536.9,7.7,544.2,6.9,568.5,8.1,609.7,6.7,639.9,8.1,641.9,7.6,599.7,8.0,674.7,9.8,732.8,5.5
Warwick,E07000222,574.9,4.8,547.8,4.8,567.2,5.1,564.4,7.2,635.7,6.6,584.3,6.7,664.7,7.6,655.2,7.4,661.6,8.2,724.8,7.0,739.7,5.4
Birmingham,E08000025,464.7,2.1,479.1,2.4,479.1,2.0,488.2,2.0,495.0,2.3,523.1,2.4,531.5,2.8,536.6,2.4,551.6,3.5,562.7,2.6,591.5,3.3
Coventry,E08000026,476.8,4.2,486.3,4.0,479.7,3.7,509.7,4.2,531.8,3.7,535.8,4.1,561.2,4.0,540.7,3.3,565.9,4.8,602.6,5.6,630.6,4.3
Dudley,E08000027,453.5,4.3,479.1,4.2,470.9,3.7,495.6,3.3,507.8,4.3,517.7,3.7,527.0,3.9,571.8,3.5,563.4,3.9,589.1,4.3,615.4,4.4
Sandwell,E08000028,424.5,3.9,432.6,3.1,434.5,3.5,451.6,3.1,457.2,3.3,461.5,3.5,486.3,3.5,495.6,3.2,498.3,3.9,536.1,4.4,549.8,3.2
Solihull,E08000029,565.7,4.2,594.5,4.7,600.7,4.8,590.2,6.2,614.1,5.9,638.8,5.7,638.1,6.9,645.4,5.3,660.5,5.9,684.1,5.1,735.4,3.5
Walsall,E08000030,419.2,4.1,430.6,4.1,441.9,4.0,475.5,4.1,464.3,4.4,475.7,3.8,493.6,4.7,517.8,3.8,517.1,4.0,547.8,3.5,571.1,3.2
Wolverhampton,E08000031,431.4,4.7,433.0,4.3,440.0,4.0,434.2,3.5,442.3,4.2,445.8,3.7,488.0,3.8,499.7,3.7,499.4,4.3,562.1,4.3,569.3,3.6
Bromsgrove,E07000234,555.8,8.2,575.2,7.5,575.6,7.8,605.6,5.5,582.1,7.0,659.5,6.5,659.9,8.2,689.6,7.1,605.7,7.6,668.3,7.2,748.4,7.7
Malvern Hills,E07000235,487.9,10.0,454.2,12.0,445.8,12.0,535.2,12.0,496.7,13.0,542.6,9.9,538.5,8.9,558.6,10.0,574.9,15.0,595.6,13.0,592.5,14.0
Redditch,E07000236,422.3,5.8,426.7,6.8,450.4,6.1,428.3,6.4,437.7,5.8,454.0,5.1,484.3,6.7,527.2,7.8,460.1,5.9,504.7,5.9,537.4,7.2
Worcester,E07000237,499.1,5.6,501.7,6.2,503.4,6.6,528.1,5.1,546.7,6.3,546.2,5.4,539.5,4.7,546.3,5.6,523.4,6.9,579.2,7.3,643.2,8.8
Wychavon,E07000238,480.4,7.7,480.9,5.6,494.2,4.1,522.9,5.7,530.5,6.9,549.3,6.5,554.3,6.1,563.2,6.3,540.9,5.8,552.2,4.7,613.2,4.5
Wyre Forest,E07000239,421.4,5.9,464.0,7.0,477.7,6.9,499.4,7.4,495.8,9.0,474.5,8.5,486.8,7.2,553.6,8.2,559.4,7.1,582.3,7.9,612.1,8.6
Bedford,E06000055,517.5,4.8,555.7,4.6,530.9,4.6,556.5,5.5,584.0,5.7,565.7,5.5,575.9,4.2,577.4,4.5,624.0,4.9,624.5,4.2,638.2,5.3
Central Bedfordshire,E06000056,561.8,4.4,574.9,4.5,572.2,4.4,579.3,3.9,590.9,4.4,605.7,3.3,604.3,3.1,650.4,3.0,663.0,4.4,680.6,3.5,739.5,4.1
Luton,E06000032,482.9,4.2,489.4,3.9,475.7,4.3,489.0,5.5,504.0,5.8,528.5,5.1,541.8,4.6,560.5,4.7,578.1,5.5,583.0,5.2,616.5,5.1
Peterborough,E06000031,444.2,3.8,452.1,4.4,467.7,4.8,460.5,4.7,466.3,3.8,460.0,2.6,481.1,3.3,525.0,4.2,537.9,4.5,564.7,3.9,586.2,4.9
Southend-on-Sea,E06000033,532.4,4.9,514.3,5.5,547.9,5.4,541.2,4.5,561.9,5.6,573.6,5.7,593.4,5.7,614.4,4.8,638.0,8.2,667.3,6.6,697.7,7.1
Thurrock,E06000034,539.2,4.3,550.6,4.9,555.7,3.8,563.3,4.0,576.8,5.2,556.1,4.7,575.0,5.3,631.7,4.0,630.6,5.1,670.0,5.3,702.0,5.4
Cambridge,E07000008,617.7,7.5,572.3,5.8,575.6,4.7,583.3,6.0,589.1,4.6,595.6,4.2,633.3,4.8,632.1,4.3,660.2,5.0,728.9,5.7,748.6,4.4
East Cambridgeshire,E07000009,536.8,6.9,516.7,5.6,525.5,8.9,566.5,7.7,564.7,7.3,605.2,7.8,572.2,6.8,614.6,6.4,579.4,8.7,625.6,8.8,637.8,6.9
Fenland,E07000010,424.1,7.9,456.6,6.5,468.9,6.5,459.8,6.9,505.0,6.2,495.8,5.5,492.3,6.0,532.2,6.1,534.2,6.6,548.6,6.4,593.8,7.2
Huntingdonshire,E07000011,551.8,4.7,542.9,4.7,552.9,4.2,543.2,4.1,570.1,3.4,586.1,4.4,600.6,4.0,595.1,3.8,593.0,4.3,588.9,4.1,642.0,4.0
South Cambridgeshire,E07000012,616.4,6.1,634.0,5.9,623.2,6.4,618.9,5.3,671.3,5.7,691.9,5.8,743.3,5.0,755.4,3.8,716.1,5.4,776.7,6.0,767.7,4.5
Basildon,E07000066,547.4,5.8,577.8,5.1,543.8,6.8,556.8,4.4,569.2,4.9,573.8,5.1,588.8,4.7,603.9,4.3,586.0,5.2,630.4,4.7,618.8,8.0
Braintree,E07000067,566.3,4.4,598.2,4.5,575.8,6.0,588.8,6.3,599.3,6.6,579.6,5.6,627.8,4.9,615.7,5.9,589.9,7.5,600.9,6.7,688.1,6.7
Brentwood,E07000068,661.5,10.0,723.9,9.4,716.0,9.4,724.4,9.9,754.5,8.4,728.6,9.3,760.7,9.2,811.2,7.3,787.7,17.0,665.4,9.9,822.6,12.0
Castle Point,E07000069,512.1,9.4,537.2,9.9,568.1,6.8,550.0,7.8,555.7,9.3,632.4,8.0,611.0,8.6,609.6,8.6,615.1,7.6,620.8,8.4,660.6,10.0
Chelmsford,E07000070,597.6,5.7,587.7,6.1,583.1,5.8,601.1,5.5,607.2,6.3,595.0,5.3,625.5,5.2,637.7,5.9,630.6,8.3,659.2,7.0,689.9,6.2
Colchester,E07000071,526.3,5.0,513.4,4.5,522.9,4.3,530.5,4.4,566.4,5.2,581.3,4.1,574.9,4.8,602.7,5.0,600.1,6.4,590.2,6.1,699.7,5.4
Epping Forest,E07000072,624.5,7.8,600.0,7.0,649.4,7.8,668.4,7.3,637.4,7.7,632.5,8.7,674.6,7.7,708.9,7.5,698.8,7.8,664.8,8.6,767.4,8.1
Harlow,E07000073,475.3,6.2,487.2,6.7,478.0,4.8,487.7,5.9,511.0,7.1,523.6,5.0,525.5,5.9,520.5,5.7,523.9,9.3,532.5,7.3,584.7,6.2
Maldon,E07000074,654.2,9.4,667.3,6.4,598.6,12.0,609.7,13.0,680.7,11.0,608.4,8.1,623.6,8.7,672.1,8.7,658.5,10.0,726.1,9.9,708.5,10.0
Rochford,E07000075,549.3,11.0,586.5,8.7,572.1,11.0,574.4,9.9,670.1,8.7,642.8,9.5,733.5,8.8,725.3,12.0,654.2,11.0,751.8,8.1,730.9,7.8
Tendring,E07000076,491.1,6.9,497.0,8.0,500.2,6.3,490.6,6.3,498.1,5.8,511.6,6.8,542.2,8.2,556.3,6.9,561.5,6.1,573.7,5.4,603.9,7.8
Uttlesford,E07000077,576.6,8.7,583.4,8.4,594.5,8.9,604.7,8.6,692.0,11.0,631.1,10.0,638.6,8.5,690.0,9.2,650.6,9.2,719.4,10.0,759.4,10.0
Broxbourne,E07000095,564.6,5.6,595.3,6.5,589.3,6.6,615.3,7.1,589.4,6.2,628.3,6.4,631.5,7.2,628.4,6.7,755.5,7.0,684.1,7.5,684.8,8.7
Dacorum,E07000096,565.3,6.0,559.7,6.5,574.9,6.5,600.7,7.6,636.3,6.3,612.6,6.9,670.8,6.3,624.4,5.5,629.8,8.0,689.9,7.2,691.1,8.4
East Hertfordshire,E07000242,632.4,5.9,589.9,5.1,596.8,4.7,641.0,5.1,646.3,5.5,675.1,4.9,670.8,6.1,747.9,6.6,699.9,8.0,760.4,8.1,858.5,7.7
Hertsmere,E07000098,531.8,7.8,559.6,6.8,516.6,7.9,541.0,6.7,574.9,6.4,616.1,6.3,644.4,5.0,676.2,6.1,652.7,8.6,664.6,9.1,644.9,6.4
North Hertfordshire,E07000099,625.2,5.1,644.6,4.6,636.1,6.1,634.9,5.2,671.1,5.9,688.1,5.0,667.5,5.5,711.7,5.9,694.6,7.4,766.1,4.8,781.0,6.3
St Albans,E07000240,674.7,6.6,733.8,6.1,734.0,6.3,700.5,6.0,767.3,8.0,761.9,6.4,811.6,6.2,766.6,7.1,840.8,7.6,862.4,7.0,842.2,6.2
Stevenage,E07000243,545.0,6.4,529.6,7.3,533.6,6.6,544.9,8.1,534.5,8.1,564.7,6.1,611.5,6.9,557.9,6.1,621.2,7.5,577.8,8.3,612.5,8.2
Three Rivers,E07000102,599.5,8.8,632.0,9.5,631.3,8.8,606.5,7.3,643.0,8.4,656.4,9.7,676.0,9.1,643.8,10.0,679.4,12.0,663.5,9.0,756.0,8.8
Watford,E07000103,639.3,6.1,646.3,7.5,594.5,5.8,611.3,6.8,628.3,8.3,640.0,5.5,589.6,7.5,663.9,6.2,594.8,7.8,617.2,5.7,644.7,8.5
Welwyn Hatfield,E07000241,558.2,6.7,589.2,5.9,592.1,5.3,576.1,6.7,595.4,6.5,602.3,5.1,618.5,6.0,614.8,5.6,667.2,8.6,670.8,7.1,688.8,7.2
Breckland,E07000143,448.1,7.4,442.8,6.7,449.3,6.0,451.2,7.0,463.4,6.5,463.8,6.1,498.3,3.7,516.9,3.6,519.4,5.3,521.1,4.4,593.7,4.7
Broadland,E07000144,515.4,6.4,530.2,6.6,515.4,5.3,526.8,6.6,545.2,7.0,521.9,6.9,555.4,6.7,560.6,5.4,560.6,7.1,564.8,7.5,630.5,7.7
Great Yarmouth,E07000145,468.2,7.9,455.4,7.3,429.8,7.3,448.0,9.0,463.9,10.0,447.5,8.9,482.5,6.9,479.3,7.7,473.2,7.6,516.9,5.2,593.0,4.8
King's Lynn and West Norfolk,E07000146,468.0,6.3,432.1,5.9,478.6,5.0,464.6,5.2,497.9,5.5,507.1,5.3,516.5,7.0,549.9,5.8,560.3,7.9,558.2,4.4,585.3,4.8
North Norfolk,E07000147,390.7,6.3,411.2,8.1,465.6,8.2,437.1,8.0,456.5,7.5,457.1,7.3,488.7,6.0,494.9,5.5,492.8,6.9,559.4,8.1,578.7,7.6
Norwich,E07000148,437.6,5.3,460.9,6.6,432.2,4.3,465.8,8.2,460.0,6.1,494.9,4.9,475.3,5.3,504.0,6.2,517.6,6.6,601.2,6.7,594.0,7.9
South Norfolk,E07000149,553.8,6.9,526.6,7.3,528.8,6.5,533.6,8.2,539.7,5.7,536.2,6.6,594.3,6.2,602.1,5.7,587.1,6.1,600.4,5.2,619.0,6.6
Babergh,E07000200,490.4,7.8,517.9,9.1,521.4,9.1,540.1,6.6,545.7,8.9,562.3,7.0,580.0,8.8,615.0,8.8,558.8,9.5,574.9,7.6,587.5,7.5
Ipswich,E07000202,454.3,5.6,459.2,5.5,471.8,6.7,479.9,5.8,492.9,5.9,508.7,6.5,501.4,5.9,549.6,5.7,518.0,5.7,552.0,4.9,593.3,5.7
Mid Suffolk,E07000203,463.6,5.8,508.0,6.0,506.0,6.7,512.5,7.3,501.8,5.5,508.6,5.3,546.2,5.4,569.1,6.0,552.3,7.3,597.9,6.2,628.1,7.0
East Suffolk,E07000244,-,-,-,-,-,-,-,-,-,-,-,-,531.2,4.3,564.3,4.6,545.5,4.9,547.6,5.0,596.7,5.9
West Suffolk,E07000245,-,-,-,-,-,-,-,-,-,-,-,-,538.6,3.6,545.2,5.0,523.0,5.9,578.8,6.7,612.6,5.5
Camden,E09000007,694.6,4.4,717.9,4.3,718.7,4.8,726.4,6.5,737.5,7.0,725.5,5.9,766.6,5.7,795.4,6.0,745.3,7.1,787.1,4.7,771.0,6.3
City of London,E09000001,#,#,#,#,#,#,#,#,"1,034.1",20.0,#,#,"1,032.2",19.0,#,#,#,-,#,#,#,#
Hackney,E09000012,597.2,3.2,594.9,4.8,612.7,3.7,602.1,3.2,613.3,4.0,659.8,2.7,659.1,4.1,709.2,3.5,702.5,5.0,703.3,6.1,790.1,5.9
Hammersmith and Fulham,E09000013,692.1,5.1,668.9,4.4,670.8,3.9,686.3,3.8,699.1,5.0,709.8,3.7,748.5,3.7,795.3,3.9,788.0,5.2,803.0,5.8,821.1,6.4
Haringey,E09000014,585.1,4.2,565.6,4.3,573.8,4.4,576.5,3.7,575.3,3.3,624.4,3.7,653.4,4.0,670.8,3.2,707.9,5.0,704.9,5.6,713.1,5.0
Islington,E09000019,677.5,5.2,670.2,5.5,688.3,5.7,670.8,4.1,713.7,4.7,721.5,3.7,804.6,4.7,801.0,4.9,819.7,6.3,784.7,7.7,806.5,5.0
Kensington and Chelsea,E09000020,784.7,11.0,823.0,8.4,791.3,11.0,771.4,12.0,735.0,8.3,854.8,7.7,831.2,10.0,901.3,11.0,916.6,10.0,977.0,9.6,812.8,9.0
Lambeth,E09000022,625.8,3.2,629.6,3.5,628.3,3.9,616.5,3.5,616.2,3.0,666.1,3.6,689.9,3.7,714.4,2.7,766.6,4.4,747.4,4.8,785.9,3.9
Lewisham,E09000023,594.1,3.3,618.7,3.6,604.8,3.2,606.6,3.5,617.0,3.7,633.7,3.8,622.2,4.1,654.1,4.2,689.7,5.5,708.0,4.9,698.4,4.1
Newham,E09000025,521.9,3.5,498.3,4.7,508.3,4.2,505.8,3.6,524.2,3.5,584.9,3.2,587.7,4.2,622.8,3.8,631.6,4.8,677.1,5.5,710.3,4.0
Southwark,E09000028,631.4,3.9,632.0,4.1,620.9,3.8,642.4,3.9,643.4,3.9,670.1,4.4,672.1,3.5,709.1,3.7,732.9,5.8,728.9,5.5,774.2,5.0
Tower Hamlets,E09000030,649.9,4.1,659.8,4.5,662.6,3.7,634.7,5.1,664.7,4.3,710.4,4.1,725.5,4.5,780.4,4.2,779.2,5.7,797.5,5.5,806.9,4.5
Wandsworth,E09000032,689.6,3.1,704.2,3.0,708.3,3.2,719.7,3.0,762.3,3.5,757.4,3.2,773.5,5.1,811.8,3.8,807.0,5.1,838.4,4.6,942.6,4.5
Westminster,E09000033,805.6,5.9,737.5,7.5,766.6,5.7,766.5,6.3,781.8,6.1,807.4,5.8,833.7,6.0,812.8,6.6,817.3,8.8,840.5,5.3,865.9,6.5
Barking and Dagenham,E09000002,549.2,3.8,521.4,5.0,511.8,4.3,534.1,4.2,543.3,4.0,555.9,5.3,572.3,4.3,589.8,3.9,580.7,6.0,639.4,4.7,638.2,6.1
Barnet,E09000003,596.8,3.9,611.9,3.9,617.6,4.6,628.5,3.4,637.7,4.1,690.0,4.9,677.6,4.4,677.5,4.8,663.1,7.3,686.3,4.8,735.6,4.6
Bexley,E09000004,611.8,3.8,616.0,4.7,612.4,4.1,609.0,4.6,646.7,5.1,624.6,4.8,641.5,4.5,671.0,4.2,731.4,6.1,716.0,5.8,780.6,4.7
Brent,E09000005,542.8,3.7,536.8,4.3,547.5,3.8,553.2,5.0,544.4,3.3,563.5,3.2,574.9,3.4,609.6,3.5,639.5,5.0,631.8,4.2,678.6,4.9
Bromley,E09000006,670.8,3.3,684.8,3.6,697.9,3.9,682.1,3.8,714.5,4.0,737.4,4.5,753.7,3.9,785.3,4.3,805.9,5.1,789.6,4.0,803.6,4.0
Croydon,E09000008,579.9,3.3,569.0,3.5,591.8,3.0,602.1,3.5,602.9,2.8,631.0,3.5,653.6,3.7,671.4,2.9,676.8,4.3,710.7,3.3,760.7,3.6
Ealing,E09000009,565.7,3.6,566.4,3.1,575.0,3.2,561.5,3.4,580.5,3.7,597.9,3.6,631.5,3.4,622.4,3.9,632.3,5.8,678.6,5.1,711.7,4.3
Enfield,E09000010,555.0,4.6,558.8,4.0,557.8,3.9,565.9,3.8,574.9,5.2,587.7,4.6,590.0,3.7,638.9,4.9,643.2,6.4,670.5,6.7,708.8,5.8
Greenwich,E09000011,583.9,4.1,588.2,3.6,590.5,4.4,597.3,3.9,597.6,2.9,638.9,3.8,659.9,3.7,679.6,3.9,684.0,4.3,739.5,5.0,746.8,6.6
Harrow,E09000015,594.8,5.4,570.6,4.5,592.9,4.1,626.9,4.8,636.4,5.0,656.1,5.3,671.6,4.9,693.5,4.1,715.4,5.5,735.3,6.0,798.8,7.1
Havering,E09000016,584.3,4.3,594.1,4.3,615.4,4.6,624.7,4.4,622.9,4.4,631.0,3.7,641.8,4.4,650.4,4.2,690.2,4.7,706.6,3.7,709.1,4.8
Hillingdon,E09000017,597.7,4.0,596.0,4.4,577.5,3.7,603.6,3.8,613.3,3.8,574.9,4.4,604.1,3.2,621.7,4.0,653.4,5.6,699.1,3.7,761.9,5.1
Hounslow,E09000018,564.0,3.8,558.6,4.4,562.6,4.1,560.6,3.8,585.8,3.7,596.5,4.2,617.4,4.0,658.8,3.9,589.2,5.2,677.1,5.0,700.5,4.2
Kingston upon Thames,E09000021,679.5,3.7,690.2,4.4,704.2,4.9,710.2,5.1,707.8,6.4,706.9,5.7,736.7,4.5,742.8,5.5,759.4,7.0,766.6,6.5,797.2,8.3
Merton,E09000024,614.0,5.6,631.2,5.2,614.2,4.8,619.6,4.6,663.3,5.0,675.0,5.9,688.3,5.3,710.4,6.6,703.7,9.8,690.1,8.3,713.2,6.8
Redbridge,E09000026,629.4,4.7,602.8,4.2,616.4,3.9,653.7,4.6,603.0,5.1,644.9,4.8,633.2,3.9,683.9,4.8,703.9,5.9,729.9,6.0,724.8,5.3
Richmond upon Thames,E09000027,756.0,6.3,747.3,4.3,763.9,4.6,743.9,4.6,784.6,4.9,739.9,6.5,799.4,5.4,820.3,5.7,885.0,9.1,818.3,6.2,835.8,7.6
Sutton,E09000029,593.5,3.7,594.6,3.1,581.4,4.1,605.6,3.8,638.0,4.1,639.5,4.5,659.7,5.1,668.6,4.8,651.1,6.0,699.6,5.0,696.8,5.3
Waltham Forest,E09000031,527.7,4.0,528.5,4.1,542.9,3.8,546.9,3.3,577.1,3.3,574.9,4.4,622.9,4.3,680.3,4.1,716.2,4.6,729.4,4.5,754.0,5.8
Bracknell Forest,E06000036,570.5,4.5,607.7,6.2,587.1,5.0,589.1,5.8,609.3,4.9,629.8,6.1,608.9,5.7,682.1,6.2,687.8,7.4,726.5,6.3,729.0,6.7
Brighton and Hove,E06000043,529.1,4.8,523.9,4.3,543.6,4.3,542.9,4.1,561.2,4.3,577.9,4.5,584.0,3.6,610.9,4.0,630.6,4.5,617.8,4.5,640.5,4.8
Isle of Wight,E06000046,456.7,7.8,443.4,7.5,463.8,7.5,480.6,6.4,491.6,7.5,496.8,7.2,481.2,6.3,509.2,6.3,535.6,6.1,564.1,7.7,534.8,6.7
Medway,E06000035,527.2,4.3,539.3,4.8,548.6,4.4,547.9,3.8,565.0,3.7,558.0,4.0,588.5,4.1,610.0,3.2,600.4,4.3,602.8,4.1,601.7,4.8
Milton Keynes,E06000042,536.6,5.4,537.6,4.5,522.0,5.2,533.6,5.1,556.0,4.4,576.2,4.6,588.0,3.3,636.8,3.8,613.3,5.2,642.1,6.1,689.9,4.9
Portsmouth,E06000044,479.7,3.8,466.9,4.8,486.2,3.6,513.4,3.8,510.2,4.9,503.1,4.3,512.7,5.0,563.9,4.8,538.5,5.6,604.0,5.4,621.9,4.6
Reading,E06000038,593.4,4.7,583.7,4.7,574.9,5.2,565.8,5.2,560.8,4.9,604.8,5.4,613.0,3.8,610.8,4.8,635.8,6.6,658.2,5.8,698.7,6.8
Slough,E06000039,518.0,3.9,518.1,4.5,527.8,3.9,540.1,3.6,524.2,4.4,556.1,4.3,602.1,4.2,613.6,5.4,619.6,5.0,645.6,5.0,657.5,4.8
Southampton,E06000045,469.0,4.3,474.5,4.4,487.3,4.8,502.4,4.1,498.3,4.0,521.0,4.2,527.1,3.2,553.1,3.3,561.0,4.6,608.2,4.0,642.8,3.4
West Berkshire,E06000037,574.9,6.1,574.0,6.8,588.0,6.6,602.8,4.2,625.9,4.6,625.6,5.4,633.3,6.0,706.0,5.4,627.5,6.8,649.2,7.0,686.5,5.0
Windsor and Maidenhead,E06000040,723.4,4.9,684.6,8.5,668.9,7.2,694.0,7.3,703.3,6.3,700.0,7.7,718.7,7.4,781.9,7.1,755.3,7.8,729.0,7.0,759.1,7.6
Wokingham,E06000041,665.8,7.1,672.7,6.2,657.3,6.4,670.8,7.8,739.7,6.2,669.3,5.6,737.6,5.9,737.6,6.2,696.0,6.6,750.1,7.3,801.5,7.4
Buckinghamshire,E06000060,600.9,3.7,603.7,3.6,611.8,3.0,613.3,3.9,622.8,2.7,638.1,3.6,660.5,3.0,670.7,3.1,670.8,4.1,689.9,3.4,717.3,3.3
Eastbourne,E07000061,488.7,9.0,481.9,7.9,493.5,8.4,528.0,8.0,522.9,6.9,504.2,9.3,547.6,7.1,535.9,8.9,539.0,9.9,543.8,9.2,630.6,7.5
Hastings,E07000062,417.9,4.3,415.6,6.3,454.2,6.4,446.0,6.4,444.1,7.0,467.6,8.7,490.6,9.5,498.9,6.5,481.5,7.6,543.1,7.3,532.0,6.7
Lewes,E07000063,527.7,7.2,540.4,5.6,544.4,7.9,552.5,7.0,559.1,8.0,530.4,9.7,566.1,7.2,651.4,6.2,631.7,8.3,670.7,5.6,670.8,6.5
Rother,E07000064,489.7,10.0,453.8,8.8,453.2,9.2,515.3,10.0,524.4,11.0,564.6,8.7,484.9,12.0,521.5,10.0,525.9,13.0,583.0,9.4,610.1,7.3
Wealden,E07000065,572.2,7.1,540.1,8.3,593.7,9.3,573.6,5.9,574.9,6.9,616.9,6.9,616.8,7.3,615.8,7.3,592.9,9.8,613.3,8.8,675.7,7.7
Basingstoke and Deane,E07000084,584.4,4.6,609.1,4.8,632.4,4.5,622.4,4.9,643.9,5.3,653.7,5.0,681.1,5.1,667.3,6.1,670.8,7.3,726.6,5.0,720.0,4.0
East Hampshire,E07000085,587.7,7.8,596.7,6.8,555.8,7.7,577.2,7.9,611.1,6.9,651.5,6.7,649.3,5.2,657.8,7.3,625.1,7.2,633.5,7.3,696.4,7.0
Eastleigh,E07000086,538.4,5.8,570.8,5.0,548.2,6.2,547.7,5.3,548.0,5.3,561.7,6.0,586.4,6.2,619.5,7.6,666.6,7.0,654.0,5.3,690.0,8.2
Fareham,E07000087,552.3,5.7,559.9,5.0,553.9,4.4,576.6,3.8,565.9,5.4,574.9,6.8,613.8,7.5,650.7,8.1,652.1,7.5,712.2,5.2,683.2,5.7
Gosport,E07000088,461.9,9.4,512.8,8.5,467.5,8.6,535.8,7.2,539.8,8.5,530.1,6.4,538.1,6.8,573.4,7.2,555.9,7.2,620.1,7.3,619.2,7.1
Hart,E07000089,690.7,7.1,668.1,8.5,657.6,7.8,708.2,7.4,624.3,9.2,715.2,7.6,669.2,7.7,710.6,8.2,717.4,8.9,770.7,10.0,808.4,8.1
Havant,E07000090,507.1,7.3,499.7,6.9,519.9,7.0,522.2,4.7,536.1,5.9,542.7,6.3,575.4,5.2,596.0,5.2,582.0,6.7,560.1,7.7,574.6,8.2
New Forest,E07000091,524.2,5.2,543.1,5.8,539.8,6.5,536.6,5.7,558.7,5.4,574.9,5.5,587.1,6.1,619.9,6.1,590.5,5.9,635.0,7.9,613.3,7.1
Rushmoor,E07000092,514.4,6.2,534.5,5.6,541.3,7.0,517.5,4.3,545.6,5.8,551.5,6.1,609.2,5.7,635.5,5.3,652.1,6.9,680.0,7.4,666.4,6.7
Test Valley,E07000093,525.2,4.8,518.4,4.5,526.3,5.6,601.8,5.2,617.9,5.0,629.9,4.8,662.1,4.9,615.9,6.1,603.4,7.0,634.6,6.0,698.0,5.3
Winchester,E07000094,671.7,6.4,615.2,7.9,609.2,6.8,639.3,7.6,665.9,8.1,682.5,6.7,723.3,4.9,690.7,6.4,688.6,6.1,695.6,5.5,748.7,7.4
Ashford,E07000105,496.6,7.2,512.5,4.7,507.4,5.9,549.0,6.9,544.3,4.9,559.3,5.9,580.1,7.4,607.5,7.0,571.9,8.6,597.9,7.7,668.4,7.5
Canterbury,E07000106,545.6,8.5,577.5,7.4,573.1,7.1,582.0,7.3,558.4,6.5,555.8,7.3,582.5,9.5,626.5,7.1,598.4,9.0,577.6,6.9,658.8,7.4
Dartford,E07000107,568.0,6.6,537.8,6.2,562.2,5.5,575.7,6.0,618.1,5.2,642.3,5.2,633.6,5.2,648.1,5.4,687.0,8.1,693.0,8.1,732.1,7.9
Dover,E07000108,507.9,6.9,501.8,9.0,532.9,7.7,497.7,6.9,501.4,6.6,523.0,6.5,574.6,6.4,594.5,8.9,610.6,11.0,642.5,7.0,670.3,5.7
Gravesham,E07000109,552.5,7.3,525.8,7.1,536.6,6.4,546.2,5.9,545.9,7.1,550.0,6.9,577.2,7.6,621.1,7.3,551.1,7.8,612.2,9.9,660.9,6.6
Maidstone,E07000110,542.9,4.5,500.9,5.4,518.5,4.6,558.2,4.5,545.1,4.5,562.9,6.5,589.2,5.2,596.6,4.5,579.0,5.4,629.1,6.2,615.1,6.9
Sevenoaks,E07000111,582.9,7.4,597.7,9.1,628.6,7.1,592.4,7.4,586.0,6.2,613.3,6.3,585.3,7.8,703.7,7.5,716.3,10.0,713.0,8.6,731.9,10.0
Folkestone and Hythe,E07000112,474.9,8.1,500.5,9.3,481.6,8.6,540.4,7.0,490.5,9.8,520.0,9.6,515.5,7.3,561.3,7.6,552.6,7.5,607.8,6.4,684.3,8.2
Swale,E07000113,536.6,6.1,538.7,7.2,538.5,5.9,537.8,5.7,546.2,5.7,568.9,5.4,598.3,4.5,582.3,4.8,574.3,6.9,583.3,7.0,663.3,6.5
Thanet,E07000114,414.6,7.6,445.8,7.9,450.4,6.1,438.0,7.2,462.3,6.8,480.2,7.3,522.8,6.7,509.1,7.0,522.5,8.2,556.6,5.9,591.8,5.2
Tonbridge and Malling,E07000115,600.2,5.1,600.0,4.9,573.4,6.7,636.2,8.6,654.4,6.5,619.9,7.7,657.6,7.6,670.1,7.1,689.9,8.4,701.5,6.4,703.6,6.1
Tunbridge Wells,E07000116,613.3,6.9,645.0,8.3,640.3,8.2,562.1,9.7,554.9,7.4,583.4,7.7,664.1,7.7,688.5,7.7,690.1,13.0,698.5,9.8,676.7,11.0
Cherwell,E07000177,536.1,6.2,518.1,5.6,535.6,4.4,558.9,4.8,583.6,4.2,598.7,4.0,583.6,4.7,616.6,6.6,603.4,6.0,647.6,5.1,689.9,5.1
Oxford,E07000178,517.9,5.1,533.1,4.2,571.8,3.8,556.8,3.9,589.1,3.6,631.6,4.5,623.8,5.5,636.3,4.5,663.1,5.9,667.3,6.6,681.7,5.6
South Oxfordshire,E07000179,614.1,6.8,599.2,8.3,623.7,7.3,618.4,6.6,633.0,7.1,691.3,6.8,698.7,6.4,725.1,6.2,707.0,8.2,727.4,6.6,752.5,8.6
Vale of White Horse,E07000180,594.5,5.5,593.5,5.4,613.4,5.6,603.7,6.0,629.9,5.7,639.2,6.8,676.7,6.7,674.6,6.1,687.7,7.9,688.4,7.4,726.0,5.3
West Oxfordshire,E07000181,546.1,6.7,560.3,6.5,574.2,4.9,565.8,5.5,575.3,7.4,631.0,5.5,653.8,6.2,636.3,6.4,626.0,7.7,628.6,7.8,676.2,7.0
Elmbridge,E07000207,717.9,9.3,694.7,8.9,728.3,6.3,743.6,5.5,716.8,5.2,731.3,7.4,789.5,5.3,822.1,6.4,734.3,11.0,834.6,7.9,810.0,8.4
Epsom and Ewell,E07000208,686.1,7.6,668.3,7.2,634.4,8.2,649.3,7.0,664.9,8.0,670.8,9.9,726.7,9.3,769.1,8.3,675.9,11.0,705.7,8.4,756.7,9.4
Guildford,E07000209,665.8,6.3,639.6,7.8,633.3,5.7,651.6,5.9,662.6,4.3,706.6,5.5,726.5,4.7,738.4,5.6,760.3,7.3,747.7,7.5,815.1,5.7
Mole Valley,E07000210,629.9,11.0,636.3,11.0,642.3,11.0,600.1,10.0,641.8,12.0,663.9,11.0,612.5,12.0,602.5,11.0,578.0,14.0,683.4,13.0,698.9,11.0
Reigate and Banstead,E07000211,689.9,4.9,688.7,5.8,668.7,6.5,633.4,6.6,636.5,7.2,676.7,5.8,680.3,5.9,728.6,5.6,697.4,6.9,704.7,6.5,754.2,7.9
Runnymede,E07000212,594.3,7.3,614.6,7.1,574.9,5.3,595.6,5.4,609.8,7.4,599.6,5.5,651.1,8.6,739.5,8.5,648.9,12.0,727.9,6.3,767.3,7.2
Spelthorne,E07000213,607.3,4.4,646.4,6.5,656.7,5.0,660.6,5.4,654.1,6.0,638.2,6.0,628.5,5.1,634.7,6.1,677.5,6.6,738.0,8.9,708.7,8.6
Surrey Heath,E07000214,670.9,6.0,663.7,5.9,625.0,7.9,651.7,7.4,662.4,7.0,707.1,7.0,751.9,7.2,749.1,6.6,733.1,8.1,798.3,7.1,821.4,8.5
Tandridge,E07000215,592.9,7.2,618.7,6.5,615.3,4.6,635.6,5.2,642.5,6.6,624.7,8.0,675.8,6.8,705.4,8.1,699.4,8.4,725.4,10.0,766.6,8.6
Waverley,E07000216,675.6,9.4,649.2,7.3,700.3,8.3,691.9,8.4,770.6,9.0,747.5,8.5,717.7,8.4,760.7,8.0,778.8,9.7,711.8,9.9,753.9,9.0
Woking,E07000217,585.9,7.2,620.5,8.6,623.1,7.7,608.9,8.3,632.4,7.9,660.2,8.4,684.0,7.9,689.9,6.7,666.8,8.1,699.5,6.1,736.5,7.8
Adur,E07000223,454.5,7.6,419.3,8.2,446.5,8.4,482.4,8.5,477.7,8.2,478.3,8.1,528.8,8.7,601.7,8.6,511.1,8.6,530.6,10.0,567.3,11.0
Arun,E07000224,452.2,5.5,475.1,7.4,441.7,6.2,487.8,6.2,476.2,6.0,511.7,6.0,511.7,5.5,514.1,5.9,497.2,7.9,574.5,7.0,546.5,6.4
Chichester,E07000225,530.1,7.7,526.6,8.5,487.0,8.2,542.6,6.8,577.5,8.3,583.3,6.8,586.7,9.1,658.8,7.7,520.7,10.0,654.9,7.3,645.0,8.1
Crawley,E07000226,490.9,5.8,504.5,5.6,549.0,5.2,544.5,4.2,551.4,5.8,514.4,5.1,557.2,6.2,573.9,5.1,591.6,5.4,593.9,7.0,670.7,5.2
Horsham,E07000227,575.0,8.5,611.8,8.1,610.4,6.2,627.6,6.8,624.1,6.7,596.1,6.9,648.8,7.0,648.0,7.8,648.4,11.0,669.6,8.0,702.4,7.1
Mid Sussex,E07000228,574.4,7.5,588.2,6.9,597.1,5.6,614.4,5.5,620.2,7.6,652.9,5.4,650.1,5.1,645.4,6.9,607.1,7.2,666.4,5.5,747.7,7.7
Worthing,E07000229,487.8,7.6,483.0,7.9,511.5,6.6,521.7,5.2,523.2,7.8,506.4,7.1,523.6,6.2,554.5,6.0,571.8,6.1,576.1,7.1,606.8,7.3
Bath and North East Somerset,E06000022,509.2,5.9,542.5,5.5,514.7,5.7,522.3,5.4,564.1,6.1,544.2,5.8,610.0,6.9,613.3,6.1,576.2,7.7,583.4,6.3,699.0,7.3
"Bristol, City of",E06000023,482.6,2.6,494.2,2.7,508.2,2.9,506.3,2.8,524.0,2.9,539.5,2.7,556.2,2.6,594.1,2.5,603.7,3.1,622.8,2.9,646.6,2.5
Cornwall,E06000052,416.6,3.1,422.8,2.8,450.5,3.2,440.5,3.1,467.6,3.3,479.1,3.4,474.6,3.2,504.4,2.6,493.8,4.0,517.2,2.9,571.4,3.0
Isles of Scilly,E06000053,#,-,!,!,#,-,#,-,#,-,#,-,#,-,422.3,-,#,-,#,-,#,-
North Somerset,E06000024,561.1,4.8,545.7,5.1,560.9,4.7,551.1,5.0,574.0,4.8,568.5,5.1,578.7,4.4,588.6,4.5,626.2,4.4,574.8,4.7,640.3,4.4
Plymouth,E06000026,454.4,3.6,454.7,3.1,473.6,3.6,483.9,3.1,481.9,4.0,512.8,4.0,524.7,3.4,506.2,4.0,512.7,3.9,522.0,4.3,553.4,4.0
South Gloucestershire,E06000025,505.9,4.1,513.3,3.7,546.5,3.9,540.1,3.4,549.8,3.8,572.6,2.5,567.7,4.1,597.5,3.8,602.6,4.8,613.3,3.7,653.2,3.4
Swindon,E06000030,508.4,4.2,503.4,2.9,499.3,3.4,545.2,3.9,551.8,3.7,545.8,3.8,568.4,3.8,584.8,3.0,597.6,3.1,583.1,3.6,669.5,4.5
Torbay,E06000027,408.3,5.1,424.8,5.2,433.3,5.1,421.6,5.0,442.4,4.9,477.2,4.9,471.9,5.5,506.8,7.4,466.9,5.8,542.3,5.0,559.5,6.3
Wiltshire,E06000054,501.8,3.6,503.6,4.1,509.4,3.1,517.7,3.0,519.8,3.2,553.3,2.7,560.7,3.3,564.8,3.4,571.6,3.5,608.6,3.2,642.3,2.6
East Devon,E07000040,450.8,7.0,468.2,7.3,460.8,7.9,499.3,6.2,518.9,7.0,512.9,6.2,495.6,5.8,549.5,7.4,545.9,7.2,595.5,5.6,628.4,7.3
Exeter,E07000041,443.4,6.5,453.4,6.2,440.5,6.6,473.9,6.2,525.4,6.8,507.0,5.5,526.5,5.7,570.6,5.5,557.0,6.5,591.8,6.2,628.0,7.5
Mid Devon,E07000042,440.8,6.6,439.1,6.3,442.6,6.7,478.9,5.7,497.5,6.6,511.7,7.2,505.6,6.8,547.0,5.9,529.3,7.5,596.3,7.7,598.1,7.2
North Devon,E07000043,404.5,6.1,408.0,8.0,434.4,8.0,446.8,5.4,436.9,6.7,433.3,6.4,431.1,6.3,482.9,4.7,476.6,7.1,511.6,5.1,555.4,5.8
South Hams,E07000044,489.8,8.3,492.0,5.2,541.6,6.8,498.9,7.0,529.1,6.2,530.2,6.9,538.8,7.6,537.8,8.0,576.4,9.2,582.4,5.6,613.1,8.2
Teignbridge,E07000045,454.0,7.0,465.0,7.8,449.8,4.9,440.2,6.1,466.2,5.9,459.9,5.0,476.5,5.1,521.2,5.9,483.5,5.6,535.3,5.6,530.5,6.0
Torridge,E07000046,394.4,7.0,394.5,8.8,433.4,8.5,453.9,7.0,439.5,7.6,474.0,7.1,490.9,7.9,488.9,7.4,510.7,8.5,524.6,8.3,589.7,7.2
West Devon,E07000047,497.6,11.0,478.1,14.0,504.4,8.1,475.7,9.4,482.4,9.1,497.6,8.0,497.2,12.0,506.7,9.7,487.6,11.0,535.2,11.0,585.0,11.0
"Bournemouth, Christchurch and Poole",E06000058,-,-,-,-,-,-,-,-,-,-,-,-,553.6,3.9,565.4,2.9,536.6,4.2,560.9,4.0,609.0,3.5
Dorset,E06000059,480.0,3.8,482.9,3.8,498.4,3.4,508.2,3.5,498.3,3.5,520.4,3.5,540.9,3.6,545.2,3.8,555.7,3.5,580.3,4.0,608.0,3.5
Cheltenham,E07000078,551.9,6.6,550.7,5.8,534.7,6.6,541.1,5.5,544.7,5.7,565.4,6.4,625.8,5.5,636.3,6.5,643.9,9.7,657.4,6.7,724.0,7.8
Cotswold,E07000079,489.0,7.0,484.9,9.9,508.4,6.3,530.4,8.0,549.0,8.1,609.2,8.6,613.0,7.1,615.1,8.5,575.0,6.2,601.8,7.9,669.7,11.0
Forest of Dean,E07000080,496.0,7.8,528.7,9.8,519.5,9.2,527.1,11.0,560.9,12.0,613.0,12.0,524.9,9.7,575.9,10.0,548.0,10.0,604.5,9.4,729.4,8.0
Gloucester,E07000081,446.6,4.1,479.3,4.6,472.7,4.8,471.8,4.3,499.9,4.2,502.0,3.6,506.0,4.3,549.7,5.4,515.4,7.1,532.1,5.4,569.2,6.0
Stroud,E07000082,542.8,6.3,527.0,5.8,523.2,5.7,525.1,5.7,529.0,5.6,543.5,7.0,548.3,5.2,550.1,5.1,549.7,11.0,576.0,6.0,656.9,7.2
Tewkesbury,E07000083,496.1,8.8,550.8,8.0,538.4,6.6,566.0,8.1,579.3,7.8,574.9,9.0,547.2,9.8,574.9,7.4,607.2,8.2,637.8,7.3,679.8,7.0
Mendip,E07000187,485.0,8.8,486.5,9.5,506.2,9.9,511.5,9.1,502.8,8.7,534.2,7.8,581.9,7.4,572.3,7.9,544.5,8.4,568.7,6.5,649.7,4.8
Sedgemoor,E07000188,446.5,7.2,479.9,7.0,489.9,6.5,476.1,6.9,466.1,6.1,522.2,6.8,540.5,6.6,552.9,7.3,523.1,5.5,542.0,4.3,564.0,5.7
South Somerset,E07000189,469.7,4.7,479.1,4.3,474.0,5.5,455.8,5.2,478.7,4.6,486.3,5.4,521.0,4.9,570.1,4.6,562.3,6.1,587.6,4.8,613.2,5.1
Somerset West and Taunton,E07000246,-,-,-,-,-,-,-,-,-,-,-,-,505.6,5.6,551.0,5.9,558.8,5.6,545.3,5.8,599.3,6.6
Isle of Anglesey,W06000001,453.2,5.8,446.7,5.7,445.9,6.4,481.9,5.9,472.6,6.8,496.1,6.5,490.6,7.4,535.9,8.6,534.8,8.2,586.7,6.8,589.2,5.4
Gwynedd,W06000002,427.7,8.1,450.8,7.6,445.4,7.7,434.0,7.0,445.3,8.1,431.2,6.7,473.0,7.3,479.0,5.6,499.9,8.4,518.2,7.8,539.3,8.6
Conwy,W06000003,447.6,7.3,476.3,8.2,521.9,7.1,492.0,7.1,489.2,7.3,508.1,8.0,511.4,6.9,551.3,7.2,626.1,10.0,555.1,7.7,610.0,7.5
Denbighshire,W06000004,429.7,6.5,436.0,6.8,418.0,8.0,429.9,7.6,471.7,7.7,469.7,7.6,489.5,7.4,479.8,7.9,524.3,6.3,518.9,6.2,538.8,6.0
Flintshire,W06000005,463.1,5.7,494.9,5.9,510.1,5.2,527.1,5.2,547.6,4.3,513.1,6.4,503.2,6.0,524.6,5.0,554.7,5.8,576.9,4.8,601.0,5.8
Wrexham,W06000006,464.7,5.1,492.6,4.3,472.7,5.3,488.1,3.9,500.2,5.2,486.9,5.2,531.5,5.1,579.4,4.6,560.5,4.6,574.9,3.7,616.7,4.0
Powys,W06000023,409.8,6.7,415.0,6.8,423.8,7.1,461.1,6.8,489.8,5.3,477.0,6.6,484.7,5.9,539.8,5.5,519.5,7.3,537.0,7.3,568.8,6.1
Ceredigion,W06000008,415.9,7.8,433.5,9.9,435.2,7.8,423.5,8.4,461.8,10.0,470.7,9.0,490.9,9.1,504.4,6.7,504.7,9.4,553.6,10.0,583.7,9.7
Pembrokeshire,W06000009,419.9,7.8,478.8,6.0,434.2,8.8,466.2,9.0,456.7,8.9,458.0,8.6,460.4,10.0,488.5,7.2,499.5,7.3,569.4,7.9,609.6,9.5
Carmarthenshire,W06000010,449.6,5.7,489.6,5.6,504.5,5.5,464.8,6.4,494.5,6.5,517.8,4.7,511.3,3.9,536.2,6.0,574.5,5.9,573.7,4.3,623.4,6.0
Swansea,W06000011,469.9,6.3,477.5,5.2,502.7,4.9,489.4,5.7,473.7,3.9,499.7,4.6,534.8,3.6,563.9,4.6,541.1,3.9,554.6,3.6,593.1,3.1
Neath Port Talbot,W06000012,446.2,6.3,445.9,7.1,458.9,6.0,484.4,6.2,480.8,7.0,502.0,5.8,498.4,5.7,522.9,4.3,549.4,6.4,593.8,5.1,611.0,5.2
Bridgend,W06000013,481.0,8.1,477.7,5.0,483.3,6.9,500.5,6.6,508.0,5.3,511.4,6.0,552.5,5.1,528.2,5.8,535.0,6.4,577.5,6.5,609.4,6.7
Vale of Glamorgan,W06000014,514.3,7.4,529.4,7.9,534.5,7.0,529.1,7.8,600.9,6.5,614.6,7.2,564.3,8.7,619.2,6.9,582.2,9.9,595.6,7.8,642.4,7.0
Cardiff,W06000015,495.4,3.7,503.6,4.3,496.4,4.6,519.0,4.4,534.4,4.8,539.2,3.6,536.6,4.2,582.6,3.6,550.6,3.6,574.9,3.4,627.0,3.4
Rhondda Cynon Taff,W06000016,453.1,3.8,473.6,3.9,479.5,3.8,469.0,3.8,497.3,3.5,500.0,4.0,521.6,4.3,509.8,4.0,535.8,5.1,563.8,4.1,591.9,4.5
Merthyr Tydfil,W06000024,412.6,8.0,424.5,6.8,438.5,6.5,423.2,7.8,445.8,6.8,463.3,5.2,440.6,6.9,502.8,6.8,520.7,6.6,529.3,6.1,540.6,6.7
Caerphilly,W06000018,438.3,4.5,468.2,4.6,473.1,4.5,478.7,5.2,484.7,5.0,488.8,4.2,506.8,4.9,535.5,4.9,545.1,5.4,562.1,5.1,589.5,4.8
Blaenau Gwent,W06000019,423.0,6.7,404.4,7.0,395.9,7.6,403.5,7.6,438.5,6.7,489.9,7.1,484.5,11.0,455.1,10.0,478.3,7.9,522.6,7.1,578.0,8.4
Torfaen,W06000020,418.0,5.4,446.4,6.7,468.9,5.8,485.6,5.4,491.0,6.5,507.3,7.6,520.3,6.3,523.6,7.2,555.1,9.4,550.7,7.4,594.4,6.0
Monmouthshire,W06000021,530.7,9.3,579.5,7.1,582.1,9.6,610.5,7.8,619.4,9.8,616.5,7.7,638.4,8.1,652.5,8.9,645.2,8.9,686.2,7.4,714.8,7.7
Newport,W06000022,441.4,6.0,469.6,6.1,469.6,5.6,463.2,6.4,471.2,5.5,482.0,5.3,520.7,5.1,535.2,6.0,564.9,5.7,570.3,6.0,613.7,4.7
Aberdeen City,S12000033,547.4,3.6,548.0,4.0,573.5,4.4,559.0,3.9,557.4,4.4,546.3,3.9,575.3,4.6,599.5,4.2,577.7,5.1,587.8,4.0,637.9,3.8
Aberdeenshire,S12000034,549.4,4.6,573.9,4.8,574.5,5.1,572.6,4.5,570.2,4.1,568.7,3.8,594.5,4.4,629.8,4.9,605.1,5.1,638.2,6.1,709.4,5.5
Angus,S12000041,473.1,7.4,473.1,6.4,469.3,6.9,526.0,6.3,527.9,5.7,542.1,6.2,542.5,4.8,549.9,4.2,578.3,7.7,600.0,6.9,609.4,6.5
Argyll and Bute,S12000035,463.1,11.0,461.0,7.9,472.4,8.5,488.6,6.4,470.9,8.0,464.5,5.6,483.4,8.5,528.4,8.6,555.6,7.4,564.3,7.5,586.3,7.3
Clackmannanshire,S12000005,459.1,7.9,471.0,7.1,465.4,8.2,546.5,7.6,491.1,8.7,510.4,7.9,481.4,8.6,551.8,9.8,567.9,7.5,639.0,6.6,652.5,8.5
Dumfries and Galloway,S12000006,420.4,6.6,442.7,5.3,457.6,5.3,458.2,5.4,462.0,5.8,460.0,6.6,477.3,4.9,480.8,5.5,515.8,7.3,552.2,6.9,586.4,6.0
Dundee City,S12000042,432.4,6.0,462.5,5.6,467.4,4.9,463.1,5.4,484.0,4.8,523.3,4.9,508.5,5.1,542.8,4.4,575.4,5.6,566.6,4.7,584.2,4.7
East Ayrshire,S12000008,488.4,5.6,501.3,6.7,527.1,6.0,523.7,5.2,550.1,5.7,557.7,5.6,581.6,5.9,597.8,6.6,610.4,7.4,615.1,5.9,638.6,7.4
East Dunbartonshire,S12000045,580.4,6.3,596.1,4.8,606.2,5.7,617.9,4.7,629.8,5.6,634.1,4.8,684.7,5.0,701.9,5.4,718.4,7.0,754.1,6.3,745.3,5.7
East Lothian,S12000010,512.0,5.5,544.5,6.4,538.7,6.3,557.2,4.6,565.4,7.1,595.8,5.9,596.3,6.2,664.3,6.6,596.5,7.6,594.0,8.5,652.6,7.1
East Renfrewshire,S12000011,592.7,7.9,614.6,6.8,651.4,4.7,668.6,5.2,687.7,7.2,685.4,7.8,743.7,5.0,783.4,6.0,825.7,5.7,809.4,6.9,804.9,6.3
City of Edinburgh,S12000036,537.7,3.0,562.0,2.4,562.6,2.7,555.3,2.7,559.7,2.8,583.8,3.0,578.9,3.0,617.6,3.2,639.4,3.6,635.4,4.0,654.8,2.5
Na h-Eileanan Siar,S12000013,440.1,12.0,508.8,11.0,462.1,11.0,495.5,9.5,482.0,9.8,479.8,9.6,476.8,9.3,519.3,8.5,552.1,13.0,670.7,11.0,560.9,11.0
Falkirk,S12000014,477.4,4.9,504.4,4.6,510.3,4.1,513.0,4.5,551.9,4.1,552.2,4.6,564.0,4.3,561.3,3.6,579.6,5.6,593.2,5.0,622.0,3.5
Fife,S12000047,499.5,4.1,484.5,3.3,516.2,3.8,517.3,3.7,532.3,3.4,530.5,3.7,539.1,3.7,564.6,3.2,579.4,3.8,610.6,3.4,604.0,3.2
Glasgow City,S12000049,474.3,2.7,483.9,2.6,497.1,2.5,514.9,2.5,522.2,2.8,519.7,2.4,549.7,2.7,566.9,2.5,592.5,3.2,620.4,3.1,633.8,2.8
Highland,S12000017,471.0,3.8,475.5,3.6,488.7,4.2,490.7,4.8,529.6,3.9,544.5,4.1,559.6,3.3,575.7,3.4,585.1,4.8,605.7,5.4,664.3,3.7
Inverclyde,S12000018,454.8,7.2,489.1,8.8,506.8,7.7,519.2,6.4,535.0,6.5,549.6,6.9,566.2,8.4,544.0,8.2,560.9,9.6,568.0,7.1,633.9,8.9
Midlothian,S12000019,450.4,7.6,483.4,5.8,475.2,6.0,497.3,6.3,507.0,6.6,542.1,5.3,534.0,6.4,552.5,5.0,555.9,6.6,595.2,5.9,622.9,5.8
Moray,S12000020,442.4,9.9,444.0,10.0,434.9,8.6,491.1,9.3,496.3,9.1,501.2,7.6,527.2,9.2,562.0,11.0,550.6,12.0,565.5,9.9,598.8,8.0
North Ayrshire,S12000021,453.7,7.0,484.3,6.1,507.4,4.7,480.8,5.6,521.9,5.5,564.2,4.5,563.2,4.9,552.1,4.4,598.1,6.5,624.5,4.9,634.9,4.9
North Lanarkshire,S12000050,482.8,3.6,495.1,3.4,482.6,3.6,510.8,3.2,512.0,3.1,525.8,3.0,545.7,2.7,567.2,2.8,576.9,3.8,592.7,3.9,656.6,3.1
Orkney Islands,S12000023,473.3,18.0,540.7,18.0,518.0,17.0,518.3,16.0,557.0,13.0,520.6,15.0,636.8,13.0,598.1,12.0,579.5,16.0,563.0,14.0,660.5,13.0
Perth and Kinross,S12000048,491.6,5.9,477.3,6.2,481.6,5.9,516.2,4.7,527.8,5.8,551.3,5.1,569.8,5.7,566.4,5.1,571.0,6.8,579.1,5.9,658.7,5.7
Renfrewshire,S12000038,505.4,4.4,522.0,5.6,540.1,5.0,533.0,5.8,550.6,4.8,576.2,4.9,586.9,5.0,627.0,6.0,626.9,5.8,659.2,3.9,634.8,6.0
Scottish Borders,S12000026,450.7,6.8,507.5,5.8,490.1,6.4,503.5,6.2,496.8,5.8,514.6,7.3,527.4,7.1,545.9,6.1,541.6,8.0,550.6,6.2,617.0,6.6
Shetland Islands,S12000027,541.5,10.0,564.9,11.0,520.3,12.0,592.6,7.8,637.2,10.0,607.7,8.6,661.5,9.7,598.3,10.0,642.6,11.0,670.8,12.0,671.6,12.0
South Ayrshire,S12000028,559.8,7.2,552.5,5.2,562.9,5.2,558.7,5.6,534.7,7.7,556.0,8.0,592.3,6.6,626.1,6.4,594.6,9.4,665.9,9.3,670.2,9.5
South Lanarkshire,S12000029,502.9,3.4,527.4,3.9,517.5,3.9,530.1,3.4,536.7,3.4,562.6,3.3,574.9,3.1,580.8,2.7,620.8,3.8,651.0,3.4,652.5,3.8
Stirling,S12000030,548.6,7.8,517.6,6.9,560.4,7.9,512.0,8.3,574.6,8.2,596.2,7.2,592.8,7.2,653.0,6.0,583.8,7.6,652.4,6.9,631.7,7.2
West Dunbartonshire,S12000039,479.6,8.3,498.8,6.4,481.5,6.4,500.7,7.4,517.1,7.3,512.3,6.6,518.7,6.8,520.5,4.3,566.4,7.2,650.9,9.2,616.0,5.7
West Lothian,S12000040,492.5,4.4,490.6,4.4,506.3,4.5,502.3,4.4,508.1,4.4,519.0,4.1,547.2,5.0,568.6,3.9,585.1,5.0,602.5,4.7,634.5,4.2
Column Total,,-,-,-,-,-,-,-,-,-,-,-,-,-,-,-,-,-,-,-,-,-,-
,,,,,,,,,,,,,,,,,,,,,,,
# These figures are suppressed as statistically unreliable.,,,,,,,,,,,,,,,,,,,,,,,
! Estimate and confidence interval not available since the group sample size is zero or disclosive (0-2).,,,,,,,,,,,,,,,,,,,,,,,
- These figures are missing.,,,,,,,,,,,,,,,,,,,,,,,
Results for 2003 and earlier exclude supplementary surveys. In 2006 there were a number of methodological changes made. For further details goto : http://www.nomisweb.co.uk/articles/341.aspx.,,,,,,,,,,,,,,,,,,,,,,,
Estimates for 2011 and subsequent years use a weighting scheme based on occupations which have been coded according to Standard Occupational Classification (SOC) 2010 that replaced SOC 2000. Therefore care should be taken when making comparisons with earlier years.,,,,,,,,,,,,,,,,,,,,,,,
